[{"model": "contenttypes.contenttype", "fields": {"app_label": "admin", "model": "logentry"}}, {"model": "contenttypes.contenttype", "fields": {"app_label": "auth", "model": "group"}}, {"model": "contenttypes.contenttype", "fields": {"app_label": "auth", "model": "permission"}}, {"model": "contenttypes.contenttype", "fields": {"app_label": "auth", "model": "user"}}, {"model": "contenttypes.contenttype", "fields": {"app_label": "contenttypes", "model": "contenttype"}}, {"model": "contenttypes.contenttype", "fields": {"app_label": "sessions", "model": "session"}}, {"model": "contenttypes.contenttype", "fields": {"app_label": "movie_app", "model": "actor"}}, {"model": "contenttypes.contenttype", "fields": {"app_label": "movie_app", "model": "country"}}, {"model": "contenttypes.contenttype", "fields": {"app_label": "movie_app", "model": "director"}}, {"model": "contenttypes.contenttype", "fields": {"app_label": "movie_app", "model": "genre"}}, {"model": "contenttypes.contenttype", "fields": {"app_label": "movie_app", "model": "movie"}}, {"model": "contenttypes.contenttype", "fields": {"app_label": "movie_app", "model": "movietype"}}, {"model": "contenttypes.contenttype", "fields": {"app_label": "movie_app", "model": "studio"}}, {"model": "contenttypes.contenttype", "fields": {"app_label": "movie_app", "model": "userprofile"}}, {"model": "contenttypes.contenttype", "fields": {"app_label": "movie_app", "model": "subtitle"}}, {"model": "contenttypes.contenttype", "fields": {"app_label": "movie_app", "model": "language"}}, {"model": "contenttypes.contenttype", "fields": {"app_label": "movie_app", "model": "favorite"}}, {"model": "sessions.session", "pk": "0a6vqez05zphqjyqbk2nuge5yn3m99mw", "fields": {"session_data": ".eJxVjEEOwiAQAP_C2RBYSgGP3vsGsiwgVQNJaU_GvxuSHvQ6M5k383jsxR89bX6N7Moku_yygPRMdYj4wHpvnFrdtzXwkfDTdr60mF63s_0bFOxlbAG1ChocCSMdOkjaZAgYJ3LG2QiGbEanZy0yKkyQExJSVpOdRbSSfb7etzg4:1vvULd:MvxzQrRwLlhrWDyIa9zd3ID90jV3ofaGRTrXUAwdwVk", "expire_date": "2026-03-12T05:55:41.071Z"}}, {"model": "sessions.session", "pk": "42w83s9gm3osf0eu7pp7ze0rdftatoh0", "fields": {"session_data": "eyJ0ZW1wb3JhcnlfZGF0YSI6ImRhZCJ9:1vq3qx:dDPpxQ2uImb-DJO8nVxEOJWAhhYJtxDtAQjztPgUG30", "expire_date": "2026-02-25T06:37:35.218Z"}}, {"model": "sessions.session", "pk": "4yr872d3dbn87u4bwb0sllq9uhw1f7il", "fields": {"session_data": ".eJxVjEEOwiAQAP_C2RBYSgGP3vsGsiwgVQNJaU_GvxuSHvQ6M5k383jsxR89bX6N7Moku_yygPRMdYj4wHpvnFrdtzXwkfDTdr60mF63s_0bFOxlbAG1ChocCSMdOkjaZAgYJ3LG2QiGbEanZy0yKkyQExJSVpOdRbSSfb7etzg4:1vvu0B:7XpshMlx5FfQ7HOuOzytfr-W7nn2yGxPshgCNfLr140", "expire_date": "2026-03-13T09:19:15.827Z"}}, {"model": "sessions.session", "pk": "cct1zi0bk7igvj98uqaeqdlmpcp1loth", "fields": {"session_data": ".eJxVjEEOwiAQAP_C2RBYSgGP3vsGsiwgVQNJaU_GvxuSHvQ6M5k383jsxR89bX6N7Moku_yygPRMdYj4wHpvnFrdtzXwkfDTdr60mF63s_0bFOxlbAG1ChocCSMdOkjaZAgYJ3LG2QiGbEanZy0yKkyQExJSVpOdRbSSfb7etzg4:1vnGIc:391ikSPoH67MykotmK5LzmtYyR6wuCQFFye9kPw5BbQ", "expire_date": "2026-02-17T13:18:34.307Z"}}, {"model": "sessions.session", "pk": "d8vk3ae6l8yqad5nyhu8bj84ctinn4zu", "fields": {"session_data": ".eJxVjEsOgyAYBu_CuiGKItBl9z0D-eCHah9iABdN07u3Jm7czkzmw2p4LSkjvy2hgp0ZCjsxi7WOdi0h24n-sD0yB_8I8ybojvmWuE9zzZPjW8J3W_g1UXhe9vYwGFHGbSsgOyeF8Y1qDYwIUkXhQL03ymgSyusIIwfZRHQIIgZ4-Nj1emhIt-z7A1dmP9Y:1vvPUh:Xo4OA-CCvOHahKWNOZ4jK43_gAfTo2KPR7DXfY97wdk", "expire_date": "2026-03-12T00:44:43.636Z"}}, {"model": "sessions.session", "pk": "f37tv09uhctajs3759mhkp3blfhvyok6", "fields": {"session_data": ".eJxVjEEOwiAQAP_C2RBYSgGP3vsGsiwgVQNJaU_GvxuSHvQ6M5k383jsxR89bX6N7Moku_yygPRMdYj4wHpvnFrdtzXwkfDTdr60mF63s_0bFOxlbAG1ChocCSMdOkjaZAgYJ3LG2QiGbEanZy0yKkyQExJSVpOdRbSSfb7etzg4:1vv7Jx:59z13YKugtzKFY1OqwYJNzIlMibSk5XGclSZAPbB0yg", "expire_date": "2026-03-11T05:20:25.353Z"}}, {"model": "sessions.session", "pk": "fhi1wni2l1026m5w8mug9rhgaur24ueo", "fields": {"session_data": "eyJ0ZW1wb3JhcnlfZGF0YSI6ImEifQ:1vuosJ:hNFU9_3P17QaFvTbe72jGqm-cf5QzIuhTHqFic0VM-s", "expire_date": "2026-03-10T09:38:39.720Z"}}, {"model": "sessions.session", "pk": "ql0h76urangict75r70bczfh2ivw72em", "fields": {"session_data": ".eJxVjEEOwiAQAP_C2RBYSgGP3vsGsiwgVQNJaU_GvxuSHvQ6M5k383jsxR89bX6N7Moku_yygPRMdYj4wHpvnFrdtzXwkfDTdr60mF63s_0bFOxlbAG1ChocCSMdOkjaZAgYJ3LG2QiGbEanZy0yKkyQExJSVpOdRbSSfb7etzg4:1vnFG6:4o6DVSHNPypytuXA1VPU8Pa09BtBOLsPwz829gTlFx0", "expire_date": "2026-02-17T12:11:54.906Z"}}, {"model": "movie_app.genre", "pk": 1, "fields": {"genre_choice": "Action"}}, {"model": "movie_app.genre", "pk": 2, "fields": {"genre_choice": "Science fiction"}}, {"model": "movie_app.genre", "pk": 3, "fields": {"genre_choice": "Animation"}}, {"model": "movie_app.genre", "pk": 4, "fields": {"genre_choice": "Drama"}}, {"model": "movie_app.genre", "pk": 5, "fields": {"genre_choice": "Adventure"}}, {"model": "movie_app.genre", "pk": 6, "fields": {"genre_choice": "Thriller"}}, {"model": "movie_app.genre", "pk": 7, "fields": {"genre_choice": "Fantasy"}}, {"model": "movie_app.genre", "pk": 8, "fields": {"genre_choice": "Disaster"}}, {"model": "movie_app.genre", "pk": 9, "fields": {"genre_choice": "Suspense"}}, {"model": "movie_app.genre", "pk": 10, "fields": {"genre_choice": "Spy"}}, {"model": "movie_app.genre", "pk": 11, "fields": {"genre_choice": "Comedy"}}, {"model": "movie_app.studio", "pk": 1, "fields": {"name": "Lightstorm Entertainment"}}, {"model": "movie_app.studio", "pk": 2, "fields": {"name": "20th Century Studios"}}, {"model": "movie_app.studio", "pk": 3, "fields": {"name": "TSG Entertainment."}}, {"model": "movie_app.studio", "pk": 4, "fields": {"name": "Lionsgate"}}, {"model": "movie_app.studio", "pk": 5, "fields": {"name": "STXfilms"}}, {"model": "movie_app.studio", "pk": 6, "fields": {"name": "Thunder Road Films"}}, {"model": "movie_app.studio", "pk": 7, "fields": {"name": "Anton"}}, {"model": "movie_app.studio", "pk": 8, "fields": {"name": "G-Base"}}, {"model": "movie_app.studio", "pk": 9, "fields": {"name": "Paramount Pictures"}}, {"model": "movie_app.studio", "pk": 10, "fields": {"name": "Apple TV+"}}, {"model": "movie_app.actor", "pk": 1, "fields": {"first_name": "Sam", "last_name": "Worthington", "gender": "Male", "brith_day": "1976-08-02", "profile_picture": "actors/Sam_Worthington/MV5BODAwMTQ0Y2UtYmE0ZS00Mjc4LWExZTMtNTIzMjdmYTZlMTJkXkEyXkFqcGc._V1_.jpg"}}, {"model": "movie_app.actor", "pk": 2, "fields": {"first_name": "Zoe", "last_name": "Saldaña", "gender": "Femal", "brith_day": "1978-06-19", "profile_picture": "actors/Zoe_Saldaña/American-actress-Zoe-Saldana-2018_A5P5L9w.webp"}}, {"model": "movie_app.actor", "pk": 3, "fields": {"first_name": "Sigourney", "last_name": "Weaver", "gender": "Femal", "brith_day": "1949-10-08", "profile_picture": "actors/Sigourney_Weaver/Sigourney_Weaver-64139_cropped_PndspOD.jpg"}}, {"model": "movie_app.actor", "pk": 4, "fields": {"first_name": "Stephen", "last_name": "Lang", "gender": "Male", "brith_day": "1952-07-11", "profile_picture": "actors/Stephen_Lang/images_mD8LNm3.jfif"}}, {"model": "movie_app.actor", "pk": 5, "fields": {"first_name": "Gerard", "last_name": "Butler", "gender": "Male", "brith_day": "1969-11-13", "profile_picture": "actors/Gerard_Butler/images.webp"}}, {"model": "movie_app.actor", "pk": 6, "fields": {"first_name": "Morena", "last_name": "Baccarin", "gender": "Femal", "brith_day": "1979-06-02", "profile_picture": "actors/Morena_Baccarin/images_1.webp"}}, {"model": "movie_app.actor", "pk": 7, "fields": {"first_name": "Roman Griffin", "last_name": "Davis", "gender": "Male", "brith_day": "2007-03-25", "profile_picture": "actors/Roman Griffin_Davis/images_3.jpg"}}, {"model": "movie_app.actor", "pk": 8, "fields": {"first_name": "Tom", "last_name": "Cruise", "gender": "Male", "brith_day": "1962-07-03", "profile_picture": "actors/Tom_Cruise/maf8PhSvDCdEwjEMbYfGpojR5RP.jpg"}}, {"model": "movie_app.actor", "pk": 9, "fields": {"first_name": "Hayley", "last_name": "Atwell", "gender": "Femal", "brith_day": "1982-04-05", "profile_picture": "actors/Hayley_Atwell/x57wXHexIjD2ywly9cRA4rov7cu.jpg"}}, {"model": "movie_app.actor", "pk": 10, "fields": {"first_name": "Mark", "last_name": "Wahlberg", "gender": "Male", "brith_day": "1971-06-05", "profile_picture": "actors/Mark_Wahlberg/bTEFpaWd7A6AZVWOqKKBWzKEUe8.webp"}}, {"model": "movie_app.actor", "pk": 11, "fields": {"first_name": "Michelle", "last_name": "Monaghan", "gender": "Femal", "brith_day": "1979-03-23", "profile_picture": "actors/Michelle_Monaghan/1N2up9UZZPbNgAOuOLce7hejlQt.webp"}}, {"model": "movie_app.actor", "pk": 12, "fields": {"first_name": "Nicola Peltz", "last_name": "Beckham", "gender": "Femal", "brith_day": "1995-01-09", "profile_picture": "actors/Nicola Peltz_Beckham/oDizBpZEeV5c3fDp3Wts4TsFNrq.webp"}}, {"model": "movie_app.director", "pk": 1, "fields": {"first_name": "James", "last_name": "Cameron"}}, {"model": "movie_app.director", "pk": 2, "fields": {"first_name": "Ric Roman", "last_name": "Waugh"}}, {"model": "movie_app.director", "pk": 3, "fields": {"first_name": "Christopher", "last_name": "McQuarrie"}}, {"model": "movie_app.director", "pk": 4, "fields": {"first_name": "Simon Cellan", "last_name": "Jones"}}, {"model": "movie_app.director", "pk": 5, "fields": {"first_name": "Michael", "last_name": "Bay"}}, {"model": "movie_app.movietype", "pk": 1, "fields": {"type": "Movies"}}, {"model": "movie_app.movietype", "pk": 2, "fields": {"type": "TV Shows"}}, {"model": "movie_app.country", "pk": 1, "fields": {"country": "USA"}}, {"model": "movie_app.country", "pk": 2, "fields": {"country": "Hong Kong"}}, {"model": "movie_app.language", "pk": 1, "fields": {"language_choice": "English"}}, {"model": "movie_app.subtitle", "pk": 5, "fields": {"language": 1, "movie": 2, "file_url": "movies/Greenland 2 Migration/subtitles/sdh.eng.vtt"}}, {"model": "movie_app.subtitle", "pk": 7, "fields": {"language": 1, "movie": 1, "file_url": "movies/Avatar Fire and Ash/subtitles/sdh.eng.vtt"}}, {"model": "auth.permission", "fields": {"name": "Can add log entry", "content_type": ["admin", "logentry"], "codename": "add_logentry"}}, {"model": "auth.permission", "fields": {"name": "Can change log entry", "content_type": ["admin", "logentry"], "codename": "change_logentry"}}, {"model": "auth.permission", "fields": {"name": "Can delete log entry", "content_type": ["admin", "logentry"], "codename": "delete_logentry"}}, {"model": "auth.permission", "fields": {"name": "Can view log entry", "content_type": ["admin", "logentry"], "codename": "view_logentry"}}, {"model": "auth.permission", "fields": {"name": "Can add permission", "content_type": ["auth", "permission"], "codename": "add_permission"}}, {"model": "auth.permission", "fields": {"name": "Can change permission", "content_type": ["auth", "permission"], "codename": "change_permission"}}, {"model": "auth.permission", "fields": {"name": "Can delete permission", "content_type": ["auth", "permission"], "codename": "delete_permission"}}, {"model": "auth.permission", "fields": {"name": "Can view permission", "content_type": ["auth", "permission"], "codename": "view_permission"}}, {"model": "auth.permission", "fields": {"name": "Can add group", "content_type": ["auth", "group"], "codename": "add_group"}}, {"model": "auth.permission", "fields": {"name": "Can change group", "content_type": ["auth", "group"], "codename": "change_group"}}, {"model": "auth.permission", "fields": {"name": "Can delete group", "content_type": ["auth", "group"], "codename": "delete_group"}}, {"model": "auth.permission", "fields": {"name": "Can view group", "content_type": ["auth", "group"], "codename": "view_group"}}, {"model": "auth.permission", "fields": {"name": "Can add user", "content_type": ["auth", "user"], "codename": "add_user"}}, {"model": "auth.permission", "fields": {"name": "Can change user", "content_type": ["auth", "user"], "codename": "change_user"}}, {"model": "auth.permission", "fields": {"name": "Can delete user", "content_type": ["auth", "user"], "codename": "delete_user"}}, {"model": "auth.permission", "fields": {"name": "Can view user", "content_type": ["auth", "user"], "codename": "view_user"}}, {"model": "auth.permission", "fields": {"name": "Can add content type", "content_type": ["contenttypes", "contenttype"], "codename": "add_contenttype"}}, {"model": "auth.permission", "fields": {"name": "Can change content type", "content_type": ["contenttypes", "contenttype"], "codename": "change_contenttype"}}, {"model": "auth.permission", "fields": {"name": "Can delete content type", "content_type": ["contenttypes", "contenttype"], "codename": "delete_contenttype"}}, {"model": "auth.permission", "fields": {"name": "Can view content type", "content_type": ["contenttypes", "contenttype"], "codename": "view_contenttype"}}, {"model": "auth.permission", "fields": {"name": "Can add session", "content_type": ["sessions", "session"], "codename": "add_session"}}, {"model": "auth.permission", "fields": {"name": "Can change session", "content_type": ["sessions", "session"], "codename": "change_session"}}, {"model": "auth.permission", "fields": {"name": "Can delete session", "content_type": ["sessions", "session"], "codename": "delete_session"}}, {"model": "auth.permission", "fields": {"name": "Can view session", "content_type": ["sessions", "session"], "codename": "view_session"}}, {"model": "auth.permission", "fields": {"name": "Can add actor", "content_type": ["movie_app", "actor"], "codename": "add_actor"}}, {"model": "auth.permission", "fields": {"name": "Can change actor", "content_type": ["movie_app", "actor"], "codename": "change_actor"}}, {"model": "auth.permission", "fields": {"name": "Can delete actor", "content_type": ["movie_app", "actor"], "codename": "delete_actor"}}, {"model": "auth.permission", "fields": {"name": "Can view actor", "content_type": ["movie_app", "actor"], "codename": "view_actor"}}, {"model": "auth.permission", "fields": {"name": "Can add country", "content_type": ["movie_app", "country"], "codename": "add_country"}}, {"model": "auth.permission", "fields": {"name": "Can change country", "content_type": ["movie_app", "country"], "codename": "change_country"}}, {"model": "auth.permission", "fields": {"name": "Can delete country", "content_type": ["movie_app", "country"], "codename": "delete_country"}}, {"model": "auth.permission", "fields": {"name": "Can view country", "content_type": ["movie_app", "country"], "codename": "view_country"}}, {"model": "auth.permission", "fields": {"name": "Can add director", "content_type": ["movie_app", "director"], "codename": "add_director"}}, {"model": "auth.permission", "fields": {"name": "Can change director", "content_type": ["movie_app", "director"], "codename": "change_director"}}, {"model": "auth.permission", "fields": {"name": "Can delete director", "content_type": ["movie_app", "director"], "codename": "delete_director"}}, {"model": "auth.permission", "fields": {"name": "Can view director", "content_type": ["movie_app", "director"], "codename": "view_director"}}, {"model": "auth.permission", "fields": {"name": "Can add genre", "content_type": ["movie_app", "genre"], "codename": "add_genre"}}, {"model": "auth.permission", "fields": {"name": "Can change genre", "content_type": ["movie_app", "genre"], "codename": "change_genre"}}, {"model": "auth.permission", "fields": {"name": "Can delete genre", "content_type": ["movie_app", "genre"], "codename": "delete_genre"}}, {"model": "auth.permission", "fields": {"name": "Can view genre", "content_type": ["movie_app", "genre"], "codename": "view_genre"}}, {"model": "auth.permission", "fields": {"name": "Can add movie type", "content_type": ["movie_app", "movietype"], "codename": "add_movietype"}}, {"model": "auth.permission", "fields": {"name": "Can change movie type", "content_type": ["movie_app", "movietype"], "codename": "change_movietype"}}, {"model": "auth.permission", "fields": {"name": "Can delete movie type", "content_type": ["movie_app", "movietype"], "codename": "delete_movietype"}}, {"model": "auth.permission", "fields": {"name": "Can view movie type", "content_type": ["movie_app", "movietype"], "codename": "view_movietype"}}, {"model": "auth.permission", "fields": {"name": "Can add studio", "content_type": ["movie_app", "studio"], "codename": "add_studio"}}, {"model": "auth.permission", "fields": {"name": "Can change studio", "content_type": ["movie_app", "studio"], "codename": "change_studio"}}, {"model": "auth.permission", "fields": {"name": "Can delete studio", "content_type": ["movie_app", "studio"], "codename": "delete_studio"}}, {"model": "auth.permission", "fields": {"name": "Can view studio", "content_type": ["movie_app", "studio"], "codename": "view_studio"}}, {"model": "auth.permission", "fields": {"name": "Can add movie", "content_type": ["movie_app", "movie"], "codename": "add_movie"}}, {"model": "auth.permission", "fields": {"name": "Can change movie", "content_type": ["movie_app", "movie"], "codename": "change_movie"}}, {"model": "auth.permission", "fields": {"name": "Can delete movie", "content_type": ["movie_app", "movie"], "codename": "delete_movie"}}, {"model": "auth.permission", "fields": {"name": "Can view movie", "content_type": ["movie_app", "movie"], "codename": "view_movie"}}, {"model": "auth.permission", "fields": {"name": "Can add user profile", "content_type": ["movie_app", "userprofile"], "codename": "add_userprofile"}}, {"model": "auth.permission", "fields": {"name": "Can change user profile", "content_type": ["movie_app", "userprofile"], "codename": "change_userprofile"}}, {"model": "auth.permission", "fields": {"name": "Can delete user profile", "content_type": ["movie_app", "userprofile"], "codename": "delete_userprofile"}}, {"model": "auth.permission", "fields": {"name": "Can view user profile", "content_type": ["movie_app", "userprofile"], "codename": "view_userprofile"}}, {"model": "auth.permission", "fields": {"name": "Can add subtitle", "content_type": ["movie_app", "subtitle"], "codename": "add_subtitle"}}, {"model": "auth.permission", "fields": {"name": "Can change subtitle", "content_type": ["movie_app", "subtitle"], "codename": "change_subtitle"}}, {"model": "auth.permission", "fields": {"name": "Can delete subtitle", "content_type": ["movie_app", "subtitle"], "codename": "delete_subtitle"}}, {"model": "auth.permission", "fields": {"name": "Can view subtitle", "content_type": ["movie_app", "subtitle"], "codename": "view_subtitle"}}, {"model": "auth.permission", "fields": {"name": "Can add language", "content_type": ["movie_app", "language"], "codename": "add_language"}}, {"model": "auth.permission", "fields": {"name": "Can change language", "content_type": ["movie_app", "language"], "codename": "change_language"}}, {"model": "auth.permission", "fields": {"name": "Can delete language", "content_type": ["movie_app", "language"], "codename": "delete_language"}}, {"model": "auth.permission", "fields": {"name": "Can view language", "content_type": ["movie_app", "language"], "codename": "view_language"}}, {"model": "auth.permission", "fields": {"name": "Can add favorite", "content_type": ["movie_app", "favorite"], "codename": "add_favorite"}}, {"model": "auth.permission", "fields": {"name": "Can change favorite", "content_type": ["movie_app", "favorite"], "codename": "change_favorite"}}, {"model": "auth.permission", "fields": {"name": "Can delete favorite", "content_type": ["movie_app", "favorite"], "codename": "delete_favorite"}}, {"model": "auth.permission", "fields": {"name": "Can view favorite", "content_type": ["movie_app", "favorite"], "codename": "view_favorite"}}, {"model": "auth.user", "fields": {"password": "pbkdf2_sha256$1200000$pI4raUBd7RN6L1zm2W6fif$WkHWLDe0Umf32CLRqkairnc0vFHILHkv/FavAHEpuQ0=", "last_login": "2026-02-27T09:19:15.651Z", "is_superuser": true, "username": "thaisothun", "first_name": "thai", "last_name": "sothun", "email": "thaisothun@gmail.com", "is_staff": true, "is_active": true, "date_joined": "2026-02-03T12:11:11.102Z", "groups": [], "user_permissions": []}}, {"model": "movie_app.movie", "pk": 1, "fields": {"title": "Avatar Fire and Ash", "type": 1, "description": "In the wake of the devastating war against the RDA and the loss of their eldest son, Jake Sully and Neytiri face a new threat on Pandora: the Ash People, a violent and power-hungry Na'vi tribe led by the ruthless Varang. Jake's family must fight for their survival and the future of Pandora in a conflict that pushes them to their emotional and physical limits.", "release_date": "2025-12-19", "country": 1, "qulity": "HD", "poster": "movies/Avatar Fire and Ash/poster/avt3_ashhordecotabottom_bigfire_poster_c3eee3ff_6A1rUvM.jpeg", "backdrop1": "movies/Avatar Fire and Ash/backdrop/avatar-spoilers_cLaDIKC.jpg", "backdrop2": "movies/Avatar Fire and Ash/backdrop/avatar-spoilers_2_Vyp6hRO.jpg", "running_time": 197, "pg": "PG-13", "director": 1, "tmdb_id": "83533", "hls_playlist": "movies/Avatar Fire and Ash/media/Avatar_Fire_and_Ash_hmSoEMx.m3u8", "bunny_embed_code": "https://player.mediadelivery.net/embed/604497/34abbf88-662f-4734-807a-ed8bb91792be?autoplay=false&loop=false&muted=false&preload=true&responsive=true", "trailer_url": "https://www.youtube.com/embed/nb_fFj_0rq8", "views": 16, "genres": [1, 5, 3, 4, 7, 2, 6], "actors": [1, 3, 4, 2], "studio": [2, 1, 3], "like": [["thaisothun"]]}}, {"model": "movie_app.movie", "pk": 2, "fields": {"title": "Greenland 2 Migration", "type": 1, "description": "Having found the safety of the Greenland bunker after the comet Clarke decimated the Earth, the Garrity family must now risk everything to embark on a perilous journey across the wasteland of Europe to find a new home.", "release_date": "2026-01-09", "country": 1, "qulity": "HD", "poster": "movies/Greenland 2 Migration/poster/dtPwBZjzqTaObjG4fKStRkBq1uu_lh2Xq4A.jpg", "backdrop1": "movies/Greenland 2 Migration/backdrop/hxlrGnb6ybCyYEDO9VOp6pXeRr4_0eFQyKH.jpg", "backdrop2": "movies/Greenland 2 Migration/backdrop/5a2beWa9PnP2mAAwmx9bqtw88LC_fPMr1YX.jpg", "running_time": 98, "pg": "PG-13", "director": 2, "tmdb_id": "840464", "hls_playlist": "movies/Greenland 2 Migration/media/master_cSVWTf3.m3u8", "bunny_embed_code": "bunny embed url", "trailer_url": "https://www.youtube.com/embed/hiD3zk0ZRFg", "views": 46, "genres": [1, 5, 8, 9, 6], "actors": [5, 6, 7], "studio": [7, 8, 4, 5, 6], "like": [["thaisothun"]]}}, {"model": "movie_app.movie", "pk": 3, "fields": {"title": "Mission Impossible - The Final Reckoning", "type": 1, "description": "Ethan Hunt and team continue their search for the terrifying AI known as the Entity — which has infiltrated intelligence networks all over the globe — with the world's governments and a mysterious ghost from Hunt's past on their trail. Joined by new allies and armed with the means to shut the Entity down for good, Hunt is in a race against time to prevent the world as we know it from changing forever.", "release_date": "2023-05-25", "country": 1, "qulity": "HD", "poster": "movies/Mission Impossible - The Final Reckoning/poster/5eN3QTjaBbBGoHHa0sSfuItvhm8.jpg", "backdrop1": "movies/Mission Impossible - The Final Reckoning/backdrop/538U9snNc2fpnOmYXAPUh3zn31H.jpg", "backdrop2": "movies/Mission Impossible - The Final Reckoning/backdrop/p4BrBJe5kOLsILrgZaaTS23jhvL.jpg", "running_time": 170, "pg": "PG-13", "director": 3, "tmdb_id": "575265", "hls_playlist": "movies/Mission Impossible - The Final Reckoning/media/master.m3u8", "bunny_embed_code": "https://player.mediadelivery.net/embed/604497/f35b53f9-7c0f-423b-9519-1fd838f3b061?autoplay=false&loop=false&muted=false&preload=true&responsive=true", "trailer_url": "https://www.youtube.com/embed/NOhDyUmT9z0", "views": 73, "genres": [1, 5, 4, 10, 9, 6], "actors": [9, 8], "studio": [9], "like": []}}, {"model": "movie_app.movie", "pk": 4, "fields": {"title": "The Family Plan 2", "type": 1, "description": "Now that Dan's assassin days are behind him, all he wants for Christmas is quality time with his kids. But when he learns his daughter has her own plans, he books a family trip to London—putting them all in the crosshairs of an unexpected enemy.", "release_date": "2025-11-21", "country": 1, "qulity": "HD", "poster": "movies/The Family Plan 2/poster/semFxuYx6HcrkZzslgAkBqfJvZk.jpg", "backdrop1": "movies/The Family Plan 2/backdrop/7nAVXGHHtaNcdsqvDXmY6R9N0fG.jpg", "backdrop2": "movies/The Family Plan 2/backdrop/nxGHDkUtLhv9ZwIau9QUlS1sMv3.jpg", "running_time": 106, "pg": "PG-13", "director": 4, "tmdb_id": "1363123", "hls_playlist": "movies/The Family Plan 2/media/master.m3u8", "bunny_embed_code": "bunny embed url", "trailer_url": "https://www.youtube.com/embed/dqolYtJGuf4", "views": 6, "genres": [1, 11], "actors": [10, 11], "studio": [10], "like": []}}, {"model": "movie_app.movie", "pk": 5, "fields": {"title": "Transformers Age of Extinction", "type": 2, "description": "As humanity picks up the pieces after the battle of Chicago, a shadowy group reveals itself in an attempt to control the direction of history…while an ancient, powerful new menace sets Earth in its crosshairs. With help from Cade Yeager, Optimus Prime and the Autobots rise to meet their most fearsome challenge yet.", "release_date": "2014-06-27", "country": 2, "qulity": "HD", "poster": "movies/Transformers Age of Extinction/poster/pdw0BIFMSrQrHAlHfPzWRkfYA8M.webp", "backdrop1": "movies/Transformers Age of Extinction/backdrop/h6wflubjTvlYgFUfcRKmZOPBPzM.webp", "backdrop2": "movies/Transformers Age of Extinction/backdrop/v0cLVRSBwiKR7TSn645UYnu0Tfo.webp", "running_time": 165, "pg": "PG-13", "director": 5, "tmdb_id": "91314", "hls_playlist": "movies/Transformers Age of Extinction/media/master.m3u8", "bunny_embed_code": "bunny embed url", "trailer_url": "https://www.youtube.com/embed/T9bQCAWahLk", "views": 3, "genres": [1, 5, 2], "actors": [10, 12], "studio": [9], "like": []}}, {"model": "movie_app.userprofile", "pk": 2, "fields": {"user": ["thaisothun"], "short_message": "Good Life", "image_profile": "profiles/thaisothun/bTEFpaWd7A6AZVWOqKKBWzKEUe8.webp", "gender": "Male", "date_of_brith": "1985-11-27", "membership": "normal", "phone_number": 16614609, "address": "Sen Sok, Phnom Penh"}}, {"model": "movie_app.favorite", "pk": 4, "fields": {"user": ["thaisothun"], "movie": 2}}, {"model": "admin.logentry", "pk": 1, "fields": {"action_time": "2026-02-03T12:21:22.391Z", "user": ["thaisothun"], "content_type": ["movie_app", "movietype"], "object_id": "1", "object_repr": "Movies", "action_flag": 1, "change_message": "[{\"added\": {}}]"}}, {"model": "admin.logentry", "pk": 2, "fields": {"action_time": "2026-02-03T12:21:36.591Z", "user": ["thaisothun"], "content_type": ["movie_app", "movietype"], "object_id": "2", "object_repr": "TV Shows", "action_flag": 1, "change_message": "[{\"added\": {}}]"}}, {"model": "admin.logentry", "pk": 3, "fields": {"action_time": "2026-02-03T12:22:21.331Z", "user": ["thaisothun"], "content_type": ["movie_app", "country"], "object_id": "1", "object_repr": "USA", "action_flag": 1, "change_message": "[{\"added\": {}}]"}}, {"model": "admin.logentry", "pk": 4, "fields": {"action_time": "2026-02-03T12:24:17.728Z", "user": ["thaisothun"], "content_type": ["movie_app", "genre"], "object_id": "1", "object_repr": "Action", "action_flag": 1, "change_message": "[{\"added\": {}}]"}}, {"model": "admin.logentry", "pk": 5, "fields": {"action_time": "2026-02-03T12:24:34.208Z", "user": ["thaisothun"], "content_type": ["movie_app", "genre"], "object_id": "2", "object_repr": "Science fiction", "action_flag": 1, "change_message": "[{\"added\": {}}]"}}, {"model": "admin.logentry", "pk": 6, "fields": {"action_time": "2026-02-03T12:24:46.157Z", "user": ["thaisothun"], "content_type": ["movie_app", "genre"], "object_id": "3", "object_repr": "Animation", "action_flag": 1, "change_message": "[{\"added\": {}}]"}}, {"model": "admin.logentry", "pk": 7, "fields": {"action_time": "2026-02-03T12:24:58.276Z", "user": ["thaisothun"], "content_type": ["movie_app", "genre"], "object_id": "4", "object_repr": "Drama", "action_flag": 1, "change_message": "[{\"added\": {}}]"}}, {"model": "admin.logentry", "pk": 8, "fields": {"action_time": "2026-02-03T12:25:06.791Z", "user": ["thaisothun"], "content_type": ["movie_app", "genre"], "object_id": "5", "object_repr": "Adventure", "action_flag": 1, "change_message": "[{\"added\": {}}]"}}, {"model": "admin.logentry", "pk": 9, "fields": {"action_time": "2026-02-03T12:25:26.517Z", "user": ["thaisothun"], "content_type": ["movie_app", "genre"], "object_id": "6", "object_repr": "Thriller", "action_flag": 1, "change_message": "[{\"added\": {}}]"}}, {"model": "admin.logentry", "pk": 10, "fields": {"action_time": "2026-02-03T12:25:41.145Z", "user": ["thaisothun"], "content_type": ["movie_app", "genre"], "object_id": "7", "object_repr": "Fantasy", "action_flag": 1, "change_message": "[{\"added\": {}}]"}}, {"model": "admin.logentry", "pk": 11, "fields": {"action_time": "2026-02-03T12:26:10.729Z", "user": ["thaisothun"], "content_type": ["movie_app", "director"], "object_id": "1", "object_repr": "James Cameron", "action_flag": 1, "change_message": "[{\"added\": {}}]"}}, {"model": "admin.logentry", "pk": 12, "fields": {"action_time": "2026-02-03T12:27:40.158Z", "user": ["thaisothun"], "content_type": ["movie_app", "actor"], "object_id": "1", "object_repr": "Sam Worthington", "action_flag": 1, "change_message": "[{\"added\": {}}]"}}, {"model": "admin.logentry", "pk": 13, "fields": {"action_time": "2026-02-03T12:28:38.245Z", "user": ["thaisothun"], "content_type": ["movie_app", "actor"], "object_id": "2", "object_repr": "Zoe Saldaña", "action_flag": 1, "change_message": "[{\"added\": {}}]"}}, {"model": "admin.logentry", "pk": 14, "fields": {"action_time": "2026-02-03T12:29:31.619Z", "user": ["thaisothun"], "content_type": ["movie_app", "actor"], "object_id": "3", "object_repr": "Sigourney Weaver", "action_flag": 1, "change_message": "[{\"added\": {}}]"}}, {"model": "admin.logentry", "pk": 15, "fields": {"action_time": "2026-02-03T12:30:11.389Z", "user": ["thaisothun"], "content_type": ["movie_app", "actor"], "object_id": "4", "object_repr": "Stephen Lang", "action_flag": 1, "change_message": "[{\"added\": {}}]"}}, {"model": "admin.logentry", "pk": 16, "fields": {"action_time": "2026-02-03T12:31:46.563Z", "user": ["thaisothun"], "content_type": ["movie_app", "studio"], "object_id": "1", "object_repr": "Lightstorm Entertainment", "action_flag": 1, "change_message": "[{\"added\": {}}]"}}, {"model": "admin.logentry", "pk": 17, "fields": {"action_time": "2026-02-03T12:31:57.148Z", "user": ["thaisothun"], "content_type": ["movie_app", "studio"], "object_id": "2", "object_repr": "20th Century Studios", "action_flag": 1, "change_message": "[{\"added\": {}}]"}}, {"model": "admin.logentry", "pk": 18, "fields": {"action_time": "2026-02-03T12:32:08.125Z", "user": ["thaisothun"], "content_type": ["movie_app", "studio"], "object_id": "3", "object_repr": "TSG Entertainment.", "action_flag": 1, "change_message": "[{\"added\": {}}]"}}, {"model": "admin.logentry", "pk": 19, "fields": {"action_time": "2026-02-03T12:32:46.149Z", "user": ["thaisothun"], "content_type": ["movie_app", "movie"], "object_id": "1", "object_repr": "Avatar Fire and Ash", "action_flag": 1, "change_message": "[{\"added\": {}}]"}}, {"model": "admin.logentry", "pk": 20, "fields": {"action_time": "2026-02-03T12:36:40.699Z", "user": ["thaisothun"], "content_type": ["movie_app", "genre"], "object_id": "8", "object_repr": "Disaster", "action_flag": 1, "change_message": "[{\"added\": {}}]"}}, {"model": "admin.logentry", "pk": 21, "fields": {"action_time": "2026-02-03T12:36:55.691Z", "user": ["thaisothun"], "content_type": ["movie_app", "genre"], "object_id": "9", "object_repr": "Suspense", "action_flag": 1, "change_message": "[{\"added\": {}}]"}}, {"model": "admin.logentry", "pk": 22, "fields": {"action_time": "2026-02-03T12:37:49.539Z", "user": ["thaisothun"], "content_type": ["movie_app", "director"], "object_id": "2", "object_repr": "Ric Roman Waugh", "action_flag": 1, "change_message": "[{\"added\": {}}]"}}, {"model": "admin.logentry", "pk": 23, "fields": {"action_time": "2026-02-03T12:39:39.544Z", "user": ["thaisothun"], "content_type": ["movie_app", "actor"], "object_id": "5", "object_repr": "Gerard Butler", "action_flag": 1, "change_message": "[{\"added\": {}}]"}}, {"model": "admin.logentry", "pk": 24, "fields": {"action_time": "2026-02-03T12:40:10.880Z", "user": ["thaisothun"], "content_type": ["movie_app", "actor"], "object_id": "6", "object_repr": "Morena Baccarin", "action_flag": 1, "change_message": "[{\"added\": {}}]"}}, {"model": "admin.logentry", "pk": 25, "fields": {"action_time": "2026-02-03T12:40:39.088Z", "user": ["thaisothun"], "content_type": ["movie_app", "actor"], "object_id": "7", "object_repr": "Roman Griffin Davis", "action_flag": 1, "change_message": "[{\"added\": {}}]"}}, {"model": "admin.logentry", "pk": 26, "fields": {"action_time": "2026-02-03T12:41:30.333Z", "user": ["thaisothun"], "content_type": ["movie_app", "studio"], "object_id": "4", "object_repr": "Lionsgate", "action_flag": 1, "change_message": "[{\"added\": {}}]"}}, {"model": "admin.logentry", "pk": 27, "fields": {"action_time": "2026-02-03T12:41:40.306Z", "user": ["thaisothun"], "content_type": ["movie_app", "studio"], "object_id": "5", "object_repr": "STXfilms", "action_flag": 1, "change_message": "[{\"added\": {}}]"}}, {"model": "admin.logentry", "pk": 28, "fields": {"action_time": "2026-02-03T12:41:48.979Z", "user": ["thaisothun"], "content_type": ["movie_app", "studio"], "object_id": "6", "object_repr": "Thunder Road Films", "action_flag": 1, "change_message": "[{\"added\": {}}]"}}, {"model": "admin.logentry", "pk": 29, "fields": {"action_time": "2026-02-03T12:42:03.193Z", "user": ["thaisothun"], "content_type": ["movie_app", "studio"], "object_id": "7", "object_repr": "Anton", "action_flag": 1, "change_message": "[{\"added\": {}}]"}}, {"model": "admin.logentry", "pk": 30, "fields": {"action_time": "2026-02-03T12:42:13.204Z", "user": ["thaisothun"], "content_type": ["movie_app", "studio"], "object_id": "8", "object_repr": "G-Base", "action_flag": 1, "change_message": "[{\"added\": {}}]"}}, {"model": "admin.logentry", "pk": 31, "fields": {"action_time": "2026-02-03T12:43:44.876Z", "user": ["thaisothun"], "content_type": ["movie_app", "movie"], "object_id": "2", "object_repr": "Greenland 2 Migration", "action_flag": 1, "change_message": "[{\"added\": {}}]"}}, {"model": "admin.logentry", "pk": 32, "fields": {"action_time": "2026-02-03T12:49:37.371Z", "user": ["thaisothun"], "content_type": ["movie_app", "director"], "object_id": "3", "object_repr": "Christopher McQuarrie", "action_flag": 1, "change_message": "[{\"added\": {}}]"}}, {"model": "admin.logentry", "pk": 33, "fields": {"action_time": "2026-02-03T12:55:02.583Z", "user": ["thaisothun"], "content_type": ["movie_app", "genre"], "object_id": "10", "object_repr": "Spy", "action_flag": 1, "change_message": "[{\"added\": {}}]"}}, {"model": "admin.logentry", "pk": 34, "fields": {"action_time": "2026-02-03T12:56:07.860Z", "user": ["thaisothun"], "content_type": ["movie_app", "actor"], "object_id": "8", "object_repr": "Tom Cruise", "action_flag": 1, "change_message": "[{\"added\": {}}]"}}, {"model": "admin.logentry", "pk": 35, "fields": {"action_time": "2026-02-03T12:56:55.585Z", "user": ["thaisothun"], "content_type": ["movie_app", "actor"], "object_id": "9", "object_repr": "Hayley Atwell", "action_flag": 1, "change_message": "[{\"added\": {}}]"}}, {"model": "admin.logentry", "pk": 36, "fields": {"action_time": "2026-02-03T12:57:59.394Z", "user": ["thaisothun"], "content_type": ["movie_app", "studio"], "object_id": "9", "object_repr": "Paramount Pictures", "action_flag": 1, "change_message": "[{\"added\": {}}]"}}, {"model": "admin.logentry", "pk": 37, "fields": {"action_time": "2026-02-03T12:58:43.807Z", "user": ["thaisothun"], "content_type": ["movie_app", "movie"], "object_id": "3", "object_repr": "Mission Impossible - The Final Reckoning", "action_flag": 1, "change_message": "[{\"added\": {}}]"}}, {"model": "admin.logentry", "pk": 38, "fields": {"action_time": "2026-02-03T13:21:45.900Z", "user": ["thaisothun"], "content_type": ["movie_app", "genre"], "object_id": "11", "object_repr": "Comedy", "action_flag": 1, "change_message": "[{\"added\": {}}]"}}, {"model": "admin.logentry", "pk": 39, "fields": {"action_time": "2026-02-03T13:22:05.063Z", "user": ["thaisothun"], "content_type": ["movie_app", "director"], "object_id": "4", "object_repr": "Simon Cellan Jones", "action_flag": 1, "change_message": "[{\"added\": {}}]"}}, {"model": "admin.logentry", "pk": 40, "fields": {"action_time": "2026-02-03T13:24:09.874Z", "user": ["thaisothun"], "content_type": ["movie_app", "actor"], "object_id": "10", "object_repr": "Mark Wahlberg", "action_flag": 1, "change_message": "[{\"added\": {}}]"}}, {"model": "admin.logentry", "pk": 41, "fields": {"action_time": "2026-02-03T13:25:13.707Z", "user": ["thaisothun"], "content_type": ["movie_app", "actor"], "object_id": "11", "object_repr": "Michelle Monaghan", "action_flag": 1, "change_message": "[{\"added\": {}}]"}}, {"model": "admin.logentry", "pk": 42, "fields": {"action_time": "2026-02-03T13:26:01.589Z", "user": ["thaisothun"], "content_type": ["movie_app", "studio"], "object_id": "10", "object_repr": "Apple TV+", "action_flag": 1, "change_message": "[{\"added\": {}}]"}}, {"model": "admin.logentry", "pk": 43, "fields": {"action_time": "2026-02-03T13:26:19.809Z", "user": ["thaisothun"], "content_type": ["movie_app", "movie"], "object_id": "4", "object_repr": "The Family Plan 2", "action_flag": 1, "change_message": "[{\"added\": {}}]"}}, {"model": "admin.logentry", "pk": 44, "fields": {"action_time": "2026-02-03T13:34:59.497Z", "user": ["thaisothun"], "content_type": ["movie_app", "director"], "object_id": "5", "object_repr": "Michael Bay", "action_flag": 1, "change_message": "[{\"added\": {}}]"}}, {"model": "admin.logentry", "pk": 45, "fields": {"action_time": "2026-02-03T13:36:18.883Z", "user": ["thaisothun"], "content_type": ["movie_app", "actor"], "object_id": "12", "object_repr": "Nicola Peltz Beckham", "action_flag": 1, "change_message": "[{\"added\": {}}]"}}, {"model": "admin.logentry", "pk": 46, "fields": {"action_time": "2026-02-03T13:41:36.948Z", "user": ["thaisothun"], "content_type": ["movie_app", "movie"], "object_id": "5", "object_repr": "Transformers Age of Extinction", "action_flag": 1, "change_message": "[{\"added\": {}}]"}}, {"model": "admin.logentry", "pk": 47, "fields": {"action_time": "2026-02-09T15:24:46.766Z", "user": ["thaisothun"], "content_type": ["movie_app", "movie"], "object_id": "1", "object_repr": "Avatar Fire and Ash", "action_flag": 2, "change_message": "[{\"changed\": {\"fields\": [\"Trailer url\"]}}]"}}, {"model": "admin.logentry", "pk": 48, "fields": {"action_time": "2026-02-09T15:25:34.338Z", "user": ["thaisothun"], "content_type": ["movie_app", "movie"], "object_id": "2", "object_repr": "Greenland 2 Migration", "action_flag": 2, "change_message": "[{\"changed\": {\"fields\": [\"Trailer url\"]}}]"}}, {"model": "admin.logentry", "pk": 49, "fields": {"action_time": "2026-02-09T15:26:15.275Z", "user": ["thaisothun"], "content_type": ["movie_app", "movie"], "object_id": "3", "object_repr": "Mission Impossible - The Final Reckoning", "action_flag": 2, "change_message": "[{\"changed\": {\"fields\": [\"Trailer url\"]}}]"}}, {"model": "admin.logentry", "pk": 50, "fields": {"action_time": "2026-02-09T15:26:59.560Z", "user": ["thaisothun"], "content_type": ["movie_app", "movie"], "object_id": "4", "object_repr": "The Family Plan 2", "action_flag": 2, "change_message": "[{\"changed\": {\"fields\": [\"Trailer url\"]}}]"}}, {"model": "admin.logentry", "pk": 51, "fields": {"action_time": "2026-02-09T15:27:35.859Z", "user": ["thaisothun"], "content_type": ["movie_app", "movie"], "object_id": "5", "object_repr": "Transformers Age of Extinction", "action_flag": 2, "change_message": "[{\"changed\": {\"fields\": [\"Trailer url\"]}}]"}}, {"model": "admin.logentry", "pk": 52, "fields": {"action_time": "2026-02-11T05:43:34.724Z", "user": ["thaisothun"], "content_type": ["movie_app", "country"], "object_id": "2", "object_repr": "Hong Kong", "action_flag": 1, "change_message": "[{\"added\": {}}]"}}, {"model": "admin.logentry", "pk": 53, "fields": {"action_time": "2026-02-11T05:43:46.822Z", "user": ["thaisothun"], "content_type": ["movie_app", "movie"], "object_id": "5", "object_repr": "Transformers Age of Extinction", "action_flag": 2, "change_message": "[{\"changed\": {\"fields\": [\"Country\"]}}]"}}, {"model": "admin.logentry", "pk": 54, "fields": {"action_time": "2026-02-20T05:54:23.655Z", "user": ["thaisothun"], "content_type": ["movie_app", "subtitle"], "object_id": "1", "object_repr": "English", "action_flag": 1, "change_message": "[{\"added\": {}}]"}}, {"model": "admin.logentry", "pk": 55, "fields": {"action_time": "2026-02-20T06:02:26.204Z", "user": ["thaisothun"], "content_type": ["movie_app", "subtitle"], "object_id": "2", "object_repr": "Subtitle object (2)", "action_flag": 1, "change_message": "[{\"added\": {}}]"}}, {"model": "admin.logentry", "pk": 56, "fields": {"action_time": "2026-02-20T06:40:33.648Z", "user": ["thaisothun"], "content_type": ["movie_app", "subtitle"], "object_id": "2", "object_repr": "The Family Plan 2 - French", "action_flag": 3, "change_message": ""}}, {"model": "admin.logentry", "pk": 57, "fields": {"action_time": "2026-02-20T06:40:33.648Z", "user": ["thaisothun"], "content_type": ["movie_app", "subtitle"], "object_id": "1", "object_repr": "The Family Plan 2 - English", "action_flag": 3, "change_message": ""}}, {"model": "admin.logentry", "pk": 58, "fields": {"action_time": "2026-02-20T06:45:07.724Z", "user": ["thaisothun"], "content_type": ["movie_app", "language"], "object_id": "1", "object_repr": "English", "action_flag": 1, "change_message": "[{\"added\": {}}]"}}, {"model": "admin.logentry", "pk": 59, "fields": {"action_time": "2026-02-20T06:45:16.681Z", "user": ["thaisothun"], "content_type": ["movie_app", "language"], "object_id": "2", "object_repr": "French", "action_flag": 1, "change_message": "[{\"added\": {}}]"}}, {"model": "admin.logentry", "pk": 60, "fields": {"action_time": "2026-02-20T06:45:34.769Z", "user": ["thaisothun"], "content_type": ["movie_app", "subtitle"], "object_id": "1", "object_repr": "Greenland 2 Migration - English", "action_flag": 1, "change_message": "[{\"added\": {}}]"}}, {"model": "admin.logentry", "pk": 61, "fields": {"action_time": "2026-02-20T06:46:06.498Z", "user": ["thaisothun"], "content_type": ["movie_app", "subtitle"], "object_id": "2", "object_repr": "Greenland 2 Migration - French", "action_flag": 1, "change_message": "[{\"added\": {}}]"}}, {"model": "admin.logentry", "pk": 62, "fields": {"action_time": "2026-02-20T06:46:18.249Z", "user": ["thaisothun"], "content_type": ["movie_app", "subtitle"], "object_id": "3", "object_repr": "Avatar Fire and Ash - English", "action_flag": 1, "change_message": "[{\"added\": {}}]"}}, {"model": "admin.logentry", "pk": 63, "fields": {"action_time": "2026-02-20T06:46:40.413Z", "user": ["thaisothun"], "content_type": ["movie_app", "subtitle"], "object_id": "4", "object_repr": "Avatar Fire and Ash - French", "action_flag": 1, "change_message": "[{\"added\": {}}]"}}, {"model": "admin.logentry", "pk": 64, "fields": {"action_time": "2026-02-20T06:49:05.339Z", "user": ["thaisothun"], "content_type": ["movie_app", "subtitle"], "object_id": "4", "object_repr": "Avatar Fire and Ash - French", "action_flag": 3, "change_message": ""}}, {"model": "admin.logentry", "pk": 65, "fields": {"action_time": "2026-02-20T06:49:05.339Z", "user": ["thaisothun"], "content_type": ["movie_app", "subtitle"], "object_id": "3", "object_repr": "Avatar Fire and Ash - English", "action_flag": 3, "change_message": ""}}, {"model": "admin.logentry", "pk": 66, "fields": {"action_time": "2026-02-20T06:49:05.339Z", "user": ["thaisothun"], "content_type": ["movie_app", "subtitle"], "object_id": "2", "object_repr": "Greenland 2 Migration - French", "action_flag": 3, "change_message": ""}}, {"model": "admin.logentry", "pk": 67, "fields": {"action_time": "2026-02-20T06:49:05.339Z", "user": ["thaisothun"], "content_type": ["movie_app", "subtitle"], "object_id": "1", "object_repr": "Greenland 2 Migration - English", "action_flag": 3, "change_message": ""}}, {"model": "admin.logentry", "pk": 68, "fields": {"action_time": "2026-02-20T06:49:19.190Z", "user": ["thaisothun"], "content_type": ["movie_app", "subtitle"], "object_id": "5", "object_repr": "Greenland 2 Migration - English", "action_flag": 1, "change_message": "[{\"added\": {}}]"}}, {"model": "admin.logentry", "pk": 69, "fields": {"action_time": "2026-02-20T06:49:41.520Z", "user": ["thaisothun"], "content_type": ["movie_app", "subtitle"], "object_id": "6", "object_repr": "Greenland 2 Migration - French", "action_flag": 1, "change_message": "[{\"added\": {}}]"}}, {"model": "admin.logentry", "pk": 70, "fields": {"action_time": "2026-02-20T06:49:51.072Z", "user": ["thaisothun"], "content_type": ["movie_app", "subtitle"], "object_id": "7", "object_repr": "Avatar Fire and Ash - English", "action_flag": 1, "change_message": "[{\"added\": {}}]"}}, {"model": "admin.logentry", "pk": 71, "fields": {"action_time": "2026-02-20T06:50:35.017Z", "user": ["thaisothun"], "content_type": ["movie_app", "subtitle"], "object_id": "8", "object_repr": "Avatar Fire and Ash - French", "action_flag": 1, "change_message": "[{\"added\": {}}]"}}, {"model": "admin.logentry", "pk": 72, "fields": {"action_time": "2026-02-20T08:49:27.949Z", "user": ["thaisothun"], "content_type": ["movie_app", "language"], "object_id": "2", "object_repr": "French", "action_flag": 3, "change_message": ""}}, {"model": "admin.logentry", "pk": 73, "fields": {"action_time": "2026-02-25T07:04:49.248Z", "user": ["thaisothun"], "content_type": ["movie_app", "userprofile"], "object_id": "2", "object_repr": "thaisothun", "action_flag": 1, "change_message": "[{\"added\": {}}]"}}, {"model": "admin.logentry", "pk": 74, "fields": {"action_time": "2026-02-26T00:41:45.683Z", "user": ["thaisothun"], "content_type": ["movie_app", "userprofile"], "object_id": "2", "object_repr": "thaisothun", "action_flag": 2, "change_message": "[{\"changed\": {\"fields\": [\"Image profile\"]}}]"}}, {"model": "admin.logentry", "pk": 75, "fields": {"action_time": "2026-02-26T06:02:39.525Z", "user": ["thaisothun"], "content_type": ["movie_app", "movie"], "object_id": "3", "object_repr": "Mission Impossible - The Final Reckoning", "action_flag": 2, "change_message": "[{\"changed\": {\"fields\": [\"Bunny embed code\"]}}]"}}, {"model": "admin.logentry", "pk": 76, "fields": {"action_time": "2026-02-26T06:49:38.298Z", "user": ["thaisothun"], "content_type": ["movie_app", "movie"], "object_id": "3", "object_repr": "Mission Impossible - The Final Reckoning", "action_flag": 2, "change_message": "[{\"changed\": {\"fields\": [\"Bunny embed code\"]}}]"}}, {"model": "admin.logentry", "pk": 77, "fields": {"action_time": "2026-02-26T06:57:45.753Z", "user": ["thaisothun"], "content_type": ["movie_app", "movie"], "object_id": "3", "object_repr": "Mission Impossible - The Final Reckoning", "action_flag": 2, "change_message": "[{\"changed\": {\"fields\": [\"Bunny embed code\"]}}]"}}, {"model": "admin.logentry", "pk": 78, "fields": {"action_time": "2026-02-26T07:33:41.343Z", "user": ["thaisothun"], "content_type": ["movie_app", "movie"], "object_id": "3", "object_repr": "Mission Impossible - The Final Reckoning", "action_flag": 2, "change_message": "[{\"changed\": {\"fields\": [\"Bunny embed code\"]}}]"}}, {"model": "admin.logentry", "pk": 79, "fields": {"action_time": "2026-02-26T07:49:00.169Z", "user": ["thaisothun"], "content_type": ["movie_app", "movie"], "object_id": "1", "object_repr": "Avatar Fire and Ash", "action_flag": 2, "change_message": "[{\"changed\": {\"fields\": [\"Bunny embed code\"]}}]"}}, {"model": "admin.logentry", "pk": 80, "fields": {"action_time": "2026-02-27T09:19:33.000Z", "user": ["thaisothun"], "content_type": ["auth", "user"], "object_id": "2", "object_repr": "sothunluna", "action_flag": 3, "change_message": ""}}]
